Cusip,State,Description,Coupon,Maturity Date,Moody's Rating,S&P Rating,Price Bid,Price Ask,Yield Bid,Ask Yield to Worst,Ask Yield to Maturity,Inflation Factor,Adjusted Price Bid,Adjusted Price Ask,Attributes
91282CCA7,N/A,UNITED STATES TREAS NTS SER X-2026      0.12500% 04/15/2026,0.125,4/15/26,AA1,--,99.842,99.876,0.892,0.727,0.727,1.23629,123.433666,123.4757,CP D 
912828S50,N/A,UNITED STATES TREAS NTS                 0.12500% 07/15/2026 TIPS,0.125,7/15/26,AA1,--,100.186,100.211,-0.281,-0.335,-0.335,1.35259,135.510581,135.544396,CP D 
91282CDC2,N/A,UNITED STATES TREAS NTS SER AE-2026     0.12500% 10/15/2026,0.125,10/15/26,AA1,--,99.868,99.891,0.312,0.279,0.279,1.18649,118.492383,118.519672,CP D 
912810PS1,N/A,UNITED STATES TREAS BDS TIPS            2.37500% 01/15/2027,2.375,1/15/27,AA1,--,101.405,101.462,0.899,0.84,0.84,1.60771,163.029832,163.121472,CP D 
912828V49,N/A,UNITED STATES TREAS NTS TIPS            0.37500% 01/15/2027,0.375,1/15/27,AA1,--,99.497,99.533,0.902,0.865,0.865,1.34219,133.543878,133.592197,CP D 
91282CEJ6,N/A,UNITED STATES TREAS NTS SER X-2027      0.12500% 04/15/2027,0.125,4/15/27,AA1,--,98.908,98.944,1.038,1.008,1.008,1.1483,113.576056,113.617395,CP D 
9128282L3,N/A,UNITED STATES TREAS NTS SER D-2027      0.37500% 07/15/2027,0.375,7/15/27,AA1,--,99.604,99.645,0.648,0.619,0.619,1.3254,132.015141,132.069483,CP D 
91282CFR7,N/A,UNITED STATES TREAS NTS SER AE-2027     1.62500% 10/15/2027,1.625,10/15/27,AA1,--,101.489,101.521,0.745,0.726,0.726,1.09448,111.07768,111.112704,CP D 
912810PV4,N/A,UNITED STATES       TREASURY            1.75000% 01/15/2028,1.75,1/15/28,AA1,--,101.512,101.565,0.968,0.941,0.941,1.5476,157.099971,157.181994,CP D 
9128283R9,N/A,UNITED STATES TREAS NTS SER A-2028      0.50000% 01/15/2028,0.5,1/15/28,AA1,--,99.097,99.128,0.966,0.95,0.95,1.3144,130.253096,130.293843,CP D 
912810FD5,N/A,UNITED STATES TREAS BDS                 3.62500% 04/15/2028,3.625,4/15/28,AA1,--,105.607,105.668,1.047,1.018,1.018,2.00456,211.695567,211.817846,CP D 
91282CGW5,N/A,UNITED STATES TREAS NTS SER X-2028      1.25000% 04/15/2028,1.25,4/15/28,AA1,--,100.419,100.447,1.057,1.044,1.044,1.08091,108.543901,108.574166,CP D 
912828Y38,N/A,UNITED STATES TREAS NTS SER D-2028      0.75000% 07/15/2028,0.75,7/15/28,AA1,--,99.747,99.784,0.854,0.838,0.838,1.29162,128.83522,128.88301,CP D 
91282CJH5,N/A,UNITED STATES TREAS NTS SER AE-2028     2.37500% 10/15/2028,2.375,10/15/28,AA1,--,103.841,103.877,0.934,0.92,0.92,1.05852,109.917775,109.955882,CP D 
912810PZ5,N/A,UNITED STATES TREAS BDS                 2.50000% 01/15/2029 TIPS,2.5,1/15/29,AA1,--,104.087,104.148,1.092,1.071,1.071,1.5101,157.181778,157.273894,CP D 
9128285W6,N/A,UNITED STATES TREAS NTS SER A-2029      0.87500% 01/15/2029,0.875,1/15/29,AA1,--,99.417,99.447,1.075,1.065,1.065,1.28402,127.653416,127.691936,CP D 
912810FH6,N/A,UNITED STATES TREAS BDS                 3.87500% 04/15/2029,3.875,4/15/29,AA1,--,108.553,108.61,1.15,1.132,1.132,1.97221,214.089312,214.201728,CP D 
91282CKL4,N/A,UNITED STATES TREAS NTS SER X-2029      2.12500% 04/15/2029,2.125,4/15/29,AA1,--,103.053,103.087,1.152,1.141,1.141,1.0482,108.020154,108.055793,CP D 
9128287D6,N/A,UNITED STATES TREAS NTS SER D-2029      0.25000% 07/15/2029,0.25,7/15/29,AA1,--,97.426,97.463,1.009,0.998,0.998,1.2675,123.487455,123.534352,CP D 
91282CLV1,N/A,UNITED STATES TREAS NTS SER AE-2029     1.62500% 10/15/2029,1.625,10/15/29,AA1,--,101.974,102.01,1.08,1.07,1.07,1.03039,105.072989,105.110083,CP D 
912828Z37,N/A,UNITED STATES TREAS NTS SER A-2030      0.12500% 01/15/2030,0.125,1/15/30,AA1,--,95.919,95.955,1.183,1.173,1.173,1.26016,120.873287,120.918652,CP D 
91282CNB3,N/A,UNITED STATES TREAS NTS SER X-2030      1.62500% 04/15/2030,1.625,4/15/30,AA1,--,101.513,101.548,1.254,1.245,1.245,1.0185,103.39099,103.426638,CP D 
912828ZZ6,N/A,UNITED STATES TREAS NTS SER D-2030      0.12500% 07/15/2030,0.125,7/15/30,AA1,--,95.514,95.54,1.16,1.154,1.154,1.26454,120.781273,120.814151,CP D 
91282CPH8,N/A,UNITED STATES TREAS NTS SER AE-2030     1.12500% 10/15/2030,1.125,10/15/30,AA1,--,99.552,99.58,1.223,1.217,1.217,1.00232,99.78296,99.811025,CP D 
91282CBF7,N/A,UNITED STATES TREAS NTS SER A-2031      0.12500% 01/15/2031,0.125,1/15/31,AA1,--,94.341,94.374,1.307,1.3,1.3,1.24548,117.499828,117.540929,CP D 
91282CCM1,N/A,UNITED STATES TREAS NTS SER D-2031      0.12500% 07/15/2031,0.125,7/15/31,AA1,--,93.82,93.859,1.302,1.293,1.293,1.20967,113.491239,113.538416,CP D 
91282CDX6,N/A,UNITED STATES TREAS NTS SER A-2032      0.12500% 01/15/2032,0.125,1/15/32,AA1,--,92.508,92.538,1.442,1.436,1.436,1.1696,108.197356,108.232444,CP D 
912810FQ6,N/A,UNITED STATES       TREASURY            3.37500% 04/15/2032,3.375,4/15/32,AA1,--,111.395,111.479,1.448,1.434,1.434,1.82658,203.471879,203.625311,CP D 
91282CEZ0,N/A,UNITED STATES TREAS NTS SER D-2032      0.62500% 07/15/2032,0.625,7/15/32,AA1,--,94.905,94.951,1.454,1.446,1.446,1.11588,105.902591,105.953921,CP D 
91282CGK1,N/A,UNITED STATES TREAS NTS SER A-2033      1.12500% 01/15/2033,1.125,1/15/33,AA1,--,97.029,97.063,1.577,1.572,1.572,1.08843,105.609274,105.646281,CP D 
91282CHP9,N/A,UNITED STATES TREAS NTS SER D-2033      1.37500% 07/15/2033,1.375,7/15/33,AA1,--,98.557,98.583,1.581,1.577,1.577,1.06753,105.212554,105.240309,CP D 
91282CJY8,N/A,UNITED STATES TREAS NTS SER A-2034      1.75000% 01/15/2034,1.75,1/15/34,AA1,--,100.433,100.469,1.692,1.686,1.686,1.05474,105.930702,105.968673,CP D 
91282CLE9,N/A,UNITED STATES TREAS NTS SER D-2034      1.87500% 07/15/2034,1.875,7/15/34,AA1,--,101.382,101.398,1.699,1.696,1.696,1.03325,104.752951,104.769483,CP D 
91282CML2,N/A,UNITED STATES TREAS NTS SER A-2035      2.12500% 01/15/2035,2.125,1/15/35,AA1,--,102.681,102.712,1.799,1.795,1.795,1.02735,105.489325,105.521173,CP D 
91282CNS6,N/A,UNITED STATES TREAS NTS SER D-2035      1.87500% 07/15/2035,1.875,7/15/35,AA1,--,100.596,100.616,1.806,1.803,1.803,1.00972,101.573793,101.593987,CP D 
91282CPU9,N/A,UNITED STATES TREAS NTS SER A-2036      1.87500% 01/15/2036,1.875,1/15/36,AA1,--,99.926,99.956,1.883,1.879,1.879,0.99779,99.705163,99.735097,CP D 
912810QF8,N/A,UNITED STATES TREAS BDS                 2.12500% 02/15/2040,2.125,2/15/40,AA1,--,99.61,99.689,2.157,2.15,2.15,1.50004,149.418984,149.537487,CP D 
912810QP6,N/A,UNITED STATES TREAS BDS                 2.12500% 02/15/2041,2.125,2/15/41,AA1,--,98.618,98.698,2.234,2.227,2.227,1.48051,146.004935,146.123375,CP D 
912810QV3,N/A,UNITED STATES TREAS BDS                 0.75000% 02/15/2042 TIPS,0.75,2/15/42,AA1,--,78.507,78.598,2.368,2.36,2.36,1.43484,112.644983,112.775554,CP D 
912810RA8,N/A,UNITED STATES TREAS BDS                 0.62500% 02/15/2043,0.625,2/15/43,AA1,--,75.125,75.207,2.414,2.407,2.407,1.41019,105.940523,106.056159,CP D 
912810RF7,N/A,UNITED STATES TREAS BDS                 1.37500% 02/15/2044,1.375,2/15/44,AA1,--,84.338,84.426,2.455,2.447,2.447,1.39114,117.325965,117.448385,CP D 
912810RL4,N/A,UNITED STATES TREAS BDS                 0.75000% 02/15/2045,0.75,2/15/45,AA1,--,73.473,73.557,2.511,2.504,2.504,1.37683,101.15983,101.275484,CP D 
912810RR1,N/A,UNITED STATES TREAS BDS                 1.00000% 02/15/2046 TIPS,1,2/15/46,AA1,--,75.932,76.028,2.54,2.532,2.532,1.36833,103.900033,104.031393,CP D 
912810RW0,N/A,UNITED STATES TREAS BDS TIPS            0.87500% 02/15/2047,0.875,2/15/47,AA1,--,72.628,72.715,2.567,2.56,2.56,1.34311,97.547393,97.664243,CP D 
912810SB5,N/A,UNITED STATES TREAS BONDS               1.00000% 02/15/2048,1,2/15/48,AA1,--,73.558,73.652,2.58,2.573,2.573,1.31477,96.711851,96.83544,CP D 
912810SG4,N/A,UNITED STATES TREAS BDS                 1.00000% 02/15/2049 SER TIPS OF FEBRUARY,1,2/15/49,AA1,--,72.473,72.55,2.595,2.589,2.589,1.28844,93.377112,93.476322,CP D 
912810SM1,N/A,UNITED STATES TREAS BDS                 0.25000% 02/15/2050 SER TIPS OF FEBRUARY,0.25,2/15/50,AA1,--,58.041,58.129,2.611,2.604,2.604,1.26108,73.194344,73.305319,CP D 
912810SV1,N/A,UNITED STATES TREAS BDS                 0.12500% 02/15/2051 SER TIPS OF FEBRUARY,0.125,2/15/51,AA1,--,54.494,54.559,2.612,2.607,2.607,1.24531,67.861923,67.942868,CP D 
912810TE8,N/A,UNITED STATES TREAS BDS                 0.12500% 02/15/2052 SER TIPS OF FEBRUARY,0.125,2/15/52,AA1,--,53.221,53.317,2.612,2.604,2.604,1.16468,61.985434,62.097243,CP D 
912810TP3,N/A,UNITED STATES TREAS BDS                 1.50000% 02/15/2053 SER TIPS OF FEBRUARY,1.5,2/15/53,AA1,--,78.507,78.578,2.613,2.609,2.609,1.09071,85.628369,85.70581,CP D 
912810TY4,N/A,UNITED STATES TREAS BDS                 2.12500% 02/15/2054 SER TIPS OF FEBRUARY,2.125,2/15/54,AA1,--,90.436,90.508,2.608,2.604,2.604,1.05641,95.537494,95.613556,CP D 
912810UH9,N/A,UNITED STATES TREAS BDS                 2.37500% 02/15/2055 SER TIPS OF FEBRUARY,2.375,2/15/55,AA1,--,95.535,95.589,2.595,2.592,2.592,1.02747,98.159346,98.214829,CP D 
,,,,,,,,,,,,,,,
The data and information in this spreadsheet is provided to you solely for your use and is not for distribution. The,,,,,,,,,,,,,,,
"spreadsheet is provided for informational purposes only, and is not intended to provide advice, nor should it be",,,,,,,,,,,,,,,
"construed as an offer to sell, a solicitation of an offer to buy or a recommendation for any security by Fidelity or any",,,,,,,,,,,,,,,
third party. Data and information shown is based on information known to Fidelity as of the date it was exported and ,,,,,,,,,,,,,,,
is subject to change. It should not be used in place of your account statements or trade confirmations and is not ,,,,,,,,,,,,,,,
"intended for tax reporting purposes. For more information on the data included in this spreadsheet, including any ",,,,,,,,,,,,,,,
"limitations thereof, go to Fidelity.com. ",,,,,,,,,,,,,,,
,,,,,,,,,,,,,,,
"Brokerage services are provided by Fidelity Brokerage Services LLC, 900 Salem Street, Smithfield, RI 02917. ",,,,,,,,,,,,,,,
Custody and other services provided by National Financial Services LLC. Both are Fidelity Investment companies ,,,,,,,,,,,,,,,
"and members SIPC, NYSE. ",,,,,,,,,,,,,,,
,,,,,,,,,,,,,,,
Date downloaded 01/29/2026 11:58 AM,,,,,,,,,,,,,,,